Информативность,Параметр,Поток,А,В,С,D,E,X,T,P,Полный адрес,Категория,Информативность_зу,Поток_зу,А_зу,В_зу,С_зу,D_зу,E_зу,X_зу,T_зу,P_зу,Полный адрес_зу
16,free,П2,80,80,11,42,12,,,,,Служебные,,,,,,,,,,,
16,free,П2,80,80,11,42,22,,,,,Служебные,,,,,,,,,,,
16,free,П2,80,80,11,22,,,,,M16П2A80B80C11D22E12T05P01,Служебные,,,,,,,,,,,
16,Служебная инф. внешнего абонента (ВА),П1,11,11,,,,,,,,Служебные,,,,,,,,,,,
16,Параметр В1,П1,11,21,,,,,21,1,М16П1A11B21T21,Высокочастотные и быстроменяющиеся,,,,,,,,,,,
16,Параметр В2,П1,11,31,,,,,21,1,М16П1A11B31T21,Высокочастотные и быстроменяющиеся,,,,,,,,,,,
16,Параметр В3,П1,11,41,,,,,21,1,М16П1A11B41T21,Высокочастотные и быстроменяющиеся,,,,,,,,,,,
16,Параметр В4,П1,20,12,,,,,21,1,М16П1A20B12T21,Высокочастотные и быстроменяющиеся,,,,,,,,,,,
16,Параметр В5,П1,20,22,,,,,21,1,М16П1A20B22T21,Высокочастотные и быстроменяющиеся,,,,,,,,,,,
16,Параметр В6,П1,30,12,,,,,21,1,М16П1A30B12T21,Высокочастотные и быстроменяющиеся,,,,,,,,,,,
16,Параметр В7,П1,30,22,,,,,21,1,М16П1A30B22T21,Высокочастотные и быстроменяющиеся,,,,,,,,,,,
16,Параметр В8,П1,40,12,,,,,21,1,М16П1A40B12T21,Высокочастотные и быстроменяющиеся,,,,,,,,,,,
16,Параметр В9,П1,40,22,,,,,21,1,М16П1A40B22T21,Высокочастотные и быстроменяющиеся,,,,,,,,,,,
16,Параметр В10,П1,60,12,,,,,21,1,М16П1A60B12T21,Высокочастотные и быстроменяющиеся,,,,,,,,,,,
16,Параметр В11,П1,60,22,,,,,21,1,М16П1A60B22T21,Высокочастотные и быстроменяющиеся,,,,,,,,,,,
16,Параметр В12,П1,80,12,,,,,21,1,М16П1A80B12T21,Высокочастотные и быстроменяющиеся,,,,,,,,,,,
16,Параметр В13,П1,80,22,,,,,21,1,М16П1A80B22T21,Высокочастотные и быстроменяющиеся,,,,,,,,,,,
16,Параметр В14,П2,70,12,,,,,21,1,М16П2A70B12T21,Высокочастотные и быстроменяющиеся,,,,,,,,,,,
16,Параметр В15,П2,80,11,,,,,1,1,,Высокочастотные и быстроменяющиеся,,,,,,,,,,,
16,Параметр В16,П2,80,31,,,,,1,1,,Высокочастотные и быстроменяющиеся,,,,,,,,,,,
,Калибровка БСИ,П1,70,12,10,10,,,1,1,,БСИ МКА-1 аналоговые,,П1,70,22,10,10,,,1,1,
,Параметр А1,П1,70,12,20,10,,,1,1,,БСИ МКА-1 аналоговые,,П1,70,22,20,10,,,1,1,
,Параметр А2,П1,70,12,30,10,,,1,1,,БСИ МКА-1 аналоговые,,П1,70,22,30,10,,,1,1,
,Параметр А3,П1,70,12,40,10,,,1,1,,БСИ МКА-1 аналоговые,,П1,70,22,40,10,,,1,1,
,Параметр А4,П1,70,12,50,10,,,1,1,,БСИ МКА-1 аналоговые,,П1,70,22,50,10,,,1,1,
,Параметр А5,П1,70,12,60,10,,,1,1,,БСИ МКА-1 аналоговые,,П1,70,22,60,10,,,1,1,
,Параметр А6,П1,70,12,70,10,,,1,1,,БСИ МКА-1 аналоговые,,П1,70,22,70,10,,,1,1,
,Параметр А7,П1,70,12,80,10,,,1,1,,БСИ МКА-1 аналоговые,,П1,70,22,80,10,,,1,1,
,Параметр А8,П1,70,12,10,20,,,1,1,,БСИ МКА-1 аналоговые,,П1,70,22,10,20,,,1,1,
,Параметр А9,П1,70,12,20,20,,,1,1,,БСИ МКА-1 аналоговые,,П1,70,22,20,20,,,1,1,
,Параметр А10,П1,70,12,30,20,,,1,1,,БСИ МКА-1 аналоговые,,П1,70,22,30,20,,,1,1,
,Параметр А11,П1,70,12,40,20,,,1,1,,БСИ МКА-1 аналоговые,,П1,70,22,40,20,,,1,1,
,Параметр А12,П1,70,12,50,20,,,1,1,,БСИ МКА-1 аналоговые,,П1,70,22,50,20,,,1,1,
,Параметр А13,П1,70,12,60,20,,,1,1,,БСИ МКА-1 аналоговые,,П1,70,22,60,20,,,1,1,
,Параметр А14,П1,70,12,70,20,,,1,1,,БСИ МКА-1 аналоговые,,П1,70,22,70,20,,,1,1,
,Параметр А15,П1,70,12,80,20,,,1,1,,БСИ МКА-1 аналоговые,,П1,70,22,80,20,,,1,1,
,Параметр А16,П1,70,12,10,30,,,1,1,,БСИ МКА-1 аналоговые,,П1,70,22,10,30,,,1,1,
,Параметр А17,П1,70,12,20,30,,,1,1,,БСИ МКА-1 аналоговые,,П1,70,22,20,30,,,1,1,
,Параметр А18,П1,70,12,30,30,,,1,1,,БСИ МКА-1 аналоговые,,П1,70,22,30,30,,,1,1,
,Параметр А19,П1,70,12,40,30,,,1,1,,БСИ МКА-1 аналоговые,,П1,70,22,40,30,,,1,1,
,Параметр А20,П1,70,12,50,30,,,1,1,,БСИ МКА-1 аналоговые,,П1,70,22,50,30,,,1,1,
,Параметр А21,П1,70,12,60,30,,,1,1,,БСИ МКА-1 аналоговые,,П1,70,22,60,30,,,1,1,
,Параметр А22,П1,70,12,70,30,,,1,1,,БСИ МКА-1 аналоговые,,П1,70,22,70,30,,,1,1,
,Параметр А23,П1,70,12,80,30,,,1,1,,БСИ МКА-1 аналоговые,,П1,70,22,80,30,,,1,1,
,Параметр А24,П1,70,12,10,40,,,1,1,,БСИ МКА-1 аналоговые,,П1,70,22,10,40,,,1,1,
,Параметр А25,П1,70,12,20,40,,,1,1,,БСИ МКА-1 аналоговые,,П1,70,22,20,40,,,1,1,
,Параметр А26,П1,70,12,30,40,,,1,1,,БСИ МКА-1 аналоговые,,П1,70,22,30,40,,,1,1,
,Параметр А27,П1,70,12,40,40,,,1,1,,БСИ МКА-1 аналоговые,,П1,70,22,40,40,,,1,1,
,Параметр А28,П1,70,12,50,40,,,1,1,,БСИ МКА-1 аналоговые,,П1,70,22,50,40,,,1,1,
,Параметр А29,П1,70,12,60,40,,,1,1,,БСИ МКА-1 аналоговые,,П1,70,22,60,40,,,1,1,
,Параметр А30,П1,70,12,70,40,,,1,1,,БСИ МКА-1 аналоговые,,П1,70,22,70,40,,,1,1,
,Параметр А31,П1,70,12,80,40,,,1,1,,БСИ МКА-1 аналоговые,,П1,70,22,80,40,,,1,1,
,Параметр А32,П1,70,12,10,50,,,1,1,,БСИ МКА-1 аналоговые,,П1,70,22,10,50,,,1,1,
,Параметр А33,П1,70,12,20,50,,,1,1,,БСИ МКА-1 аналоговые,,П1,70,22,20,50,,,1,1,
,Параметр А34,П1,70,12,30,50,,,1,1,,БСИ МКА-1 аналоговые,,П1,70,22,50,30,,,1,1,
,Параметр А35,П1,70,12,40,50,,,1,1,,БСИ МКА-1 аналоговые,,П1,70,22,50,40,,,1,1,
,Параметр А36,П1,70,12,50,50,,,1,1,,БСИ МКА-1 аналоговые,,П1,70,22,50,50,,,1,1,
,Параметр А37,П1,70,12,60,50,,,1,1,,БСИ МКА-1 аналоговые,,П1,70,22,50,60,,,1,1,
,Параметр А38,П1,70,12,70,50,,,1,1,,БСИ МКА-1 аналоговые,,П1,70,22,50,70,,,1,1,
,Параметр А39,П1,70,12,80,50,,,1,1,,БСИ МКА-1 аналоговые,,П1,70,22,50,80,,,1,1,
,Параметр А40,П1,70,12,10,60,,,1,1,,БСИ МКА-1 аналоговые,,П1,70,22,60,10,,,1,1,
,Параметр А41,П1,70,12,20,60,,,1,1,,БСИ МКА-1 аналоговые,,П1,70,22,60,20,,,1,1,
,Параметр А42,П1,70,12,30,60,,,1,1,,БСИ МКА-1 аналоговые,,П1,70,22,60,30,,,1,1,
,Параметр А43,П1,70,12,40,60,,,1,1,,БСИ МКА-1 аналоговые,,П1,70,22,60,40,,,1,1,
,Параметр А44,П1,70,12,50,60,,,1,1,,БСИ МКА-1 аналоговые,,П1,70,22,60,50,,,1,1,
,Параметр А45,П1,70,12,60,60,,,1,1,,БСИ МКА-1 аналоговые,,П1,70,22,60,60,,,1,1,
,Параметр А46,П1,70,12,70,60,,,1,1,,БСИ МКА-1 аналоговые,,П1,70,22,60,70,,,1,1,
,Параметр А47,П1,70,12,80,60,,,21,1,,БСИ МКА-1 аналоговые,,П1,70,22,60,80,,,1,1,
,Параметр А48,П1,70,12,10,70,,,21,1,,БСИ МКА-1 аналоговые,,П1,70,22,70,10,,,1,1,
,Параметр А49,П1,70,12,20,70,,,21,1,,БСИ МКА-1 аналоговые,,П1,70,22,70,20,,,1,1,
,Параметр А50,П1,70,12,30,70,,,21,1,,БСИ МКА-1 аналоговые,,П1,70,22,70,30,,,1,1,
,Параметр А51,П1,70,12,40,70,,,21,1,,БСИ МКА-1 аналоговые,,П1,70,22,70,40,,,1,1,
,Параметр А52,П1,70,12,50,70,,,21,1,,БСИ МКА-1 аналоговые,,П1,70,22,70,50,,,1,1,
,Параметр А53,П1,70,12,60,70,,,1,1,,БСИ МКА-1 аналоговые,,П1,70,22,70,60,,,1,1,
,Параметр А54,П1,70,12,70,70,,,1,1,,БСИ МКА-1 аналоговые,,П1,70,22,70,70,,,1,1,
,Параметр А55,П1,70,12,80,70,,,1,1,,БСИ МКА-1 аналоговые,,П1,70,22,70,80,,,1,1,
,Параметр А56,П1,70,12,10,80,,,1,1,,БСИ МКА-1 аналоговые,,П1,70,22,80,10,,,1,1,
,Параметр А57,П1,70,12,20,80,,,1,1,,БСИ МКА-1 аналоговые,,П1,70,22,80,20,,,1,1,
,Параметр А58,П1,70,12,30,80,,,1,1,,БСИ МКА-1 аналоговые,,П1,70,22,80,30,,,1,1,
,Параметр А59,П1,70,12,40,80,,,1,1,,БСИ МКА-1 аналоговые,,П1,70,22,80,40,,,1,1,
,Параметр А60,П1,70,12,50,80,,,1,1,,БСИ МКА-1 аналоговые,,П1,70,22,80,50,,,1,1,
,Параметр А61,П1,70,12,60,80,,,1,1,,БСИ МКА-1 аналоговые,,П1,70,22,80,60,,,1,1,
,Параметр А62,П1,70,12,70,80,,,1,1,,БСИ МКА-1 аналоговые,,П1,70,22,80,70,,,1,1,
,"Эталонная  калибровка бси 6,2В",П1,70,12,80,80,,,1,1,,БСИ МКА-1 аналоговые,,П1,70,22,80,80,,,1,1,
,Параметр К1-К8,П2,40,80,10,12,,,5,,,БСИ МКС-1 контактные,,П2,40,80,50,12,,,5,,
,Параметр К1,П2,40,80,10,12,,,5,1,,БСИ МКС-1 контактные,,П2,40,80,50,12,,,5,1,
,Параметр К2,П2,40,80,10,12,,,5,2,,БСИ МКС-1 контактные,,П2,40,80,50,12,,,5,2,
,Параметр К3,П2,40,80,10,12,,,5,3,,БСИ МКС-1 контактные,,П2,40,80,50,12,,,5,3,
,Параметр К4,П2,40,80,10,12,,,5,4,,БСИ МКС-1 контактные,,П2,40,80,50,12,,,5,4,
,Параметр К5,П2,40,80,10,12,,,5,5,,БСИ МКС-1 контактные,,П2,40,80,50,12,,,5,5,
,Параметр К6,П2,40,80,10,12,,,5,6,,БСИ МКС-1 контактные,,П2,40,80,50,12,,,5,6,
,Параметр К7,П2,40,80,10,12,,,5,7,,БСИ МКС-1 контактные,,П2,40,80,50,12,,,5,7,
,Параметр К8,П2,40,80,10,12,,,5,8,,БСИ МКС-1 контактные,,П2,40,80,50,12,,,5,8,
,Параметр К9-К16,П2,40,80,10,22,,,5,,,БСИ МКС-1 контактные,,П2,40,80,50,22,,,5,,
,Параметр К9,П2,40,80,10,22,,,5,1,,БСИ МКС-1 контактные,,П2,40,80,50,22,,,5,1,
,Параметр К10,П2,40,80,10,22,,,5,2,,БСИ МКС-1 контактные,,П2,40,80,50,22,,,5,2,
,Параметр К11,П2,40,80,10,22,,,5,3,,БСИ МКС-1 контактные,,П2,40,80,50,22,,,5,3,
,Параметр К12,П2,40,80,10,22,,,5,4,,БСИ МКС-1 контактные,,П2,40,80,50,22,,,5,4,
,Параметр К13,П2,40,80,10,22,,,5,5,,БСИ МКС-1 контактные,,П2,40,80,50,22,,,5,5,
,Параметр К14,П2,40,80,10,22,,,5,6,,БСИ МКС-1 контактные,,П2,40,80,50,22,,,5,6,
,Параметр К15,П2,40,80,10,22,,,5,7,,БСИ МКС-1 контактные,,П2,40,80,50,22,,,5,7,
,Параметр К16,П2,40,80,10,22,,,5,8,,БСИ МКС-1 контактные,,П2,40,80,50,22,,,5,8,
,Параметр К17-К24,П2,40,80,20,12,,,5,,,БСИ МКС-1 контактные,,П2,40,80,60,12,,,5,,
,Параметр К17,П2,40,80,20,12,,,5,1,,БСИ МКС-1 контактные,,П2,40,80,60,12,,,5,1,
,Параметр К18,П2,40,80,20,12,,,5,2,,БСИ МКС-1 контактные,,П2,40,80,60,12,,,5,2,
,Параметр К19,П2,40,80,20,12,,,5,3,,БСИ МКС-1 контактные,,П2,40,80,60,12,,,5,3,
,Параметр К20,П2,40,80,20,12,,,5,4,,БСИ МКС-1 контактные,,П2,40,80,60,12,,,5,4,
,Параметр К21,П2,40,80,20,12,,,5,5,,БСИ МКС-1 контактные,,П2,40,80,60,12,,,5,5,
,Параметр К22,П2,40,80,20,12,,,5,6,,БСИ МКС-1 контактные,,П2,40,80,60,12,,,5,6,
,Параметр К23,П2,40,80,20,12,,,5,7,,БСИ МКС-1 контактные,,П2,40,80,60,12,,,5,7,
,Параметр К24,П2,40,80,20,12,,,5,8,,БСИ МКС-1 контактные,,П2,40,80,60,12,,,5,8,
,Параметр К25-К32,П2,40,80,20,22,,,5,,,БСИ МКС-1 контактные,,П2,40,80,60,22,,,5,,
,Параметр К25,П2,40,80,20,22,,,5,1,,БСИ МКС-1 контактные,,П2,40,80,60,22,,,5,1,
,Параметр К26,П2,40,80,20,22,,,5,2,,БСИ МКС-1 контактные,,П2,40,80,60,22,,,5,2,
,Параметр К27,П2,40,80,20,22,,,5,3,,БСИ МКС-1 контактные,,П2,40,80,60,22,,,5,3,
,Параметр К28,П2,40,80,20,22,,,5,4,,БСИ МКС-1 контактные,,П2,40,80,60,22,,,5,4,
,Параметр К29,П2,40,80,20,22,,,5,5,,БСИ МКС-1 контактные,,П2,40,80,60,22,,,5,5,
,Параметр К30,П2,40,80,20,22,,,5,6,,БСИ МКС-1 контактные,,П2,40,80,60,22,,,5,6,
,Параметр К31,П2,40,80,20,22,,,5,7,,БСИ МКС-1 контактные,,П2,40,80,60,22,,,5,7,
,Параметр К32,П2,40,80,20,22,,,5,8,,БСИ МКС-1 контактные,,П2,40,80,60,22,,,5,8,
,Параметр К33-К40,П2,40,80,30,12,,,5,,,БСИ МКС-1 контактные,,П2,40,80,70,12,,,5,,
,Параметр К33,П2,40,80,30,12,,,5,1,,БСИ МКС-1 контактные,,П2,40,80,70,12,,,5,1,
,Параметр К34,П2,40,80,30,12,,,5,2,,БСИ МКС-1 контактные,,П2,40,80,70,12,,,5,2,
,Параметр К35,П2,40,80,30,12,,,5,3,,БСИ МКС-1 контактные,,П2,40,80,70,12,,,5,3,
,Параметр К36,П2,40,80,30,12,,,5,4,,БСИ МКС-1 контактные,,П2,40,80,70,12,,,5,4,
,Параметр К37,П2,40,80,30,12,,,5,5,,БСИ МКС-1 контактные,,П2,40,80,70,12,,,5,5,
,Параметр К38,П2,40,80,30,12,,,5,6,,БСИ МКС-1 контактные,,П2,40,80,70,12,,,5,6,
,Параметр К39,П2,40,80,30,12,,,5,7,,БСИ МКС-1 контактные,,П2,40,80,70,12,,,5,7,
,Параметр К40,П2,40,80,30,12,,,5,8,,БСИ МКС-1 контактные,,П2,40,80,70,12,,,5,8,
,Параметр К41-К48,П2,40,80,30,22,,,5,,,БСИ МКС-1 контактные,,П2,40,80,70,22,,,5,,
,Параметр К41,П2,40,80,30,22,,,5,1,,БСИ МКС-1 контактные,,П2,40,80,70,22,,,5,1,
,Параметр К42,П2,40,80,30,22,,,5,2,,БСИ МКС-1 контактные,,П2,40,80,70,22,,,5,2,
,Параметр К43,П2,40,80,30,22,,,5,3,,БСИ МКС-1 контактные,,П2,40,80,70,22,,,5,3,
,Параметр К44,П2,40,80,30,22,,,5,4,,БСИ МКС-1 контактные,,П2,40,80,70,22,,,5,4,
,Параметр К45,П2,40,80,30,22,,,5,5,,БСИ МКС-1 контактные,,П2,40,80,70,22,,,5,5,
,Параметр К46,П2,40,80,30,22,,,5,6,,БСИ МКС-1 контактные,,П2,40,80,70,22,,,5,6,
,Параметр К47,П2,40,80,30,22,,,5,7,,БСИ МКС-1 контактные,,П2,40,80,70,22,,,5,7,
,Параметр К48,П2,40,80,30,22,,,5,8,,БСИ МКС-1 контактные,,П2,40,80,70,22,,,5,8,
,Параметр К49-К56,П2,40,80,40,12,,,5,,,БСИ МКС-1 контактные,,П2,40,80,80,12,,,5,,
,Параметр К49,П2,40,80,40,12,,,5,1,,БСИ МКС-1 контактные,,П2,40,80,80,12,,,5,1,
,Параметр К50,П2,40,80,40,12,,,5,2,,БСИ МКС-1 контактные,,П2,40,80,80,12,,,5,2,
,Параметр К51,П2,40,80,40,12,,,5,3,,БСИ МКС-1 контактные,,П2,40,80,80,12,,,5,3,
,Параметр К52,П2,40,80,40,12,,,5,4,,БСИ МКС-1 контактные,,П2,40,80,80,12,,,5,4,
,Параметр К53,П2,40,80,40,12,,,5,5,,БСИ МКС-1 контактные,,П2,40,80,80,12,,,5,5,
,Параметр К54,П2,40,80,40,12,,,5,6,,БСИ МКС-1 контактные,,П2,40,80,80,12,,,5,6,
,Параметр К57-К64,П2,40,80,40,22,,,5,,,БСИ МКС-1 контактные,,П2,40,80,80,22,,,5,,
,Параметр К57,П2,40,80,40,22,,,5,1,,БСИ МКС-1 контактные,,П2,40,80,80,22,,,5,1,
,Параметр К58,П2,40,80,40,22,,,5,2,,БСИ МКС-1 контактные,,П2,40,80,80,22,,,5,2,
,Параметр К59,П2,40,80,40,22,,,5,3,,БСИ МКС-1 контактные,,П2,40,80,80,22,,,5,3,
,Параметр К60,П2,40,80,40,22,,,5,4,,БСИ МКС-1 контактные,,П2,40,80,80,22,,,5,4,
,Параметр К61,П2,40,80,40,22,,,5,5,,БСИ МКС-1 контактные,,П2,40,80,80,22,,,5,5,
,Параметр А64(512Гц),П2,30,40,11,,,,1,1,,УБСИ МКА-2,,П2,30,80,11,,,,1,1,
,Параметр А65(512Гц),П2,30,40,21,,,,1,1,,УБСИ МКА-2,,П2,30,80,21,,,,1,1,
,Параметр А66(512Гц),П2,30,40,31,,,,1,1,,УБСИ МКА-2,,П2,30,80,31,,,,1,1,
,Параметр А67(512Гц),П2,30,40,41,,,,1,1,,УБСИ МКА-2,,П2,30,80,41,,,,1,1,
,Калибровка ЯГР,П2,50,41,10,12,,,1,1,,БСИ МКА-2 аналоговые,,П2,60,41,10,12,,,1,1,
,Параметр А68,П2,50,41,20,12,,,1,1,,БСИ МКА-2 аналоговые,,П2,60,41,20,12,,,1,1,
,Параметр А69,П2,50,41,30,12,,,1,1,,БСИ МКА-2 аналоговые,,П2,60,41,30,12,,,1,1,
,Параметр А70,П2,50,41,40,12,,,1,1,,БСИ МКА-2 аналоговые,,П2,60,41,40,12,,,1,1,
,Параметр А71,П2,50,41,50,12,,,1,1,,БСИ МКА-2 аналоговые,,П2,60,41,50,12,,,1,1,
,Параметр А72,П2,50,41,60,12,,,1,1,,БСИ МКА-2 аналоговые,,П2,60,41,60,12,,,1,1,
,Параметр А73,П2,50,41,70,12,,,1,1,,БСИ МКА-2 аналоговые,,П2,60,41,70,12,,,1,1,
,Параметр А74,П2,50,41,80,12,,,1,1,,БСИ МКА-2 аналоговые,,П2,60,41,80,12,,,1,1,
,Параметр А75,П2,50,41,10,22,,,1,1,,БСИ МКА-2 аналоговые,,П2,60,41,10,22,,,1,1,
,Параметр А76,П2,50,41,20,22,,,1,1,,БСИ МКА-2 аналоговые,,П2,60,41,20,22,,,1,1,
,Параметр А77,П2,50,41,30,22,,,1,1,,БСИ МКА-2 аналоговые,,П2,60,41,30,22,,,1,1,
,Параметр А78,П2,50,41,40,22,,,1,1,,БСИ МКА-2 аналоговые,,П2,60,41,40,22,,,1,1,
,Параметр А79,П2,50,41,50,22,,,1,1,,БСИ МКА-2 аналоговые,,П2,60,41,50,22,,,1,1,
,Параметр А80,П2,50,41,60,22,,,1,1,,БСИ МКА-2 аналоговые,,П2,60,41,60,22,,,1,1,
,Параметр А81,П2,50,41,70,22,,,1,1,,БСИ МКА-2 аналоговые,,П2,60,41,70,22,,,1,1,
,Параметр А82,П2,50,41,80,22,,,1,1,,БСИ МКА-2 аналоговые,,П2,60,41,80,22,,,1,1,
,Калибровка БСИ,П2,70,21,10,12,,,1,1,,БСИ МКА-3 аналоговые,,П2,70,41,10,12,,,1,1,
,Параметр А83,П2,70,21,20,12,,,1,1,,БСИ МКА-3 аналоговые,,П2,70,41,20,12,,,1,1,
,Параметр А84,П2,70,21,30,12,,,1,1,,БСИ МКА-3 аналоговые,,П2,70,41,30,12,,,1,1,
,Параметр А85,П2,70,21,40,12,,,1,1,,БСИ МКА-3 аналоговые,,П2,70,41,40,12,,,1,1,
,Параметр А86,П2,70,21,50,12,,,1,1,,БСИ МКА-3 аналоговые,,П2,70,41,50,12,,,1,1,
,Параметр А87,П2,70,21,60,12,,,1,1,,БСИ МКА-3 аналоговые,,П2,70,41,60,12,,,1,1,
,Параметр А88,П2,70,21,70,12,,,1,1,,БСИ МКА-3 аналоговые,,П2,70,41,70,12,,,1,1,
,Параметр А89,П2,70,21,80,12,,,1,1,,БСИ МКА-3 аналоговые,,П2,70,41,80,12,,,1,1,
,Параметр А90,П2,70,21,10,22,,,1,1,,БСИ МКА-3 аналоговые,,П2,70,41,10,22,,,1,1,
,Параметр А91,П2,70,21,20,22,,,1,1,,БСИ МКА-3 аналоговые,,П2,70,41,20,22,,,1,1,
,Параметр А92,П2,70,21,30,22,,,1,1,,БСИ МКА-3 аналоговые,,П2,70,41,30,22,,,1,1,
,Параметр А93,П2,70,21,40,22,,,1,1,,БСИ МКА-3 аналоговые,,П2,70,41,40,22,,,1,1,
,Параметр А94,П2,70,21,50,22,,,1,1,,БСИ МКА-3 аналоговые,,П2,70,41,50,22,,,1,1,
,Параметр А95,П2,70,21,60,22,,,1,1,,БСИ МКА-3 аналоговые,,П2,70,41,60,22,,,1,1,
,Параметр А96,П2,70,21,70,22,,,1,1,,БСИ МКА-3 аналоговые,,П2,70,41,70,22,,,1,1,
,Параметр А97,П2,70,21,80,22,,,1,1,,БСИ МКА-3 аналоговые,,П2,70,41,80,22,,,1,1,
,Калибровка блока УБСИ,П2,10,41,10,11,,,1,1,,УБСИ МКА-4,,П2,20,41,10,11,,,1,1,
,Параметр А98,П2,10,41,20,11,,,1,1,,УБСИ МКА-4,,П2,20,41,20,11,,,1,1,
,Параметр А99,П2,10,41,30,11,,,1,1,,УБСИ МКА-4,,П2,20,41,30,11,,,1,1,
,Параметр А100,П2,10,41,40,11,,,1,1,,УБСИ МКА-4,,П2,20,41,40,11,,,1,1,
,Параметр А101,П2,10,41,50,11,,,1,1,,УБСИ МКА-4,,П2,20,41,50,11,,,1,1,
,Параметр А102,П2,10,41,60,11,,,1,1,,УБСИ МКА-4,,П2,20,41,60,11,,,1,1,
,Параметр А103,П2,10,41,70,11,,,1,1,,УБСИ МКА-4,,П2,20,41,70,11,,,1,1,
,Параметр А104,П2,10,41,80,11,,,1,1,,УБСИ МКА-4,,П2,20,41,80,11,,,1,1,
,Параметр А105,П2,10,41,10,21,,,1,1,,УБСИ МКА-4,,П2,20,41,10,21,,,1,1,
,Параметр А106,П2,10,41,20,21,,,1,1,,УБСИ МКА-4,,П2,20,41,20,21,,,1,1,
,Параметр А107,П2,10,41,30,21,,,1,1,,УБСИ МКА-4,,П2,20,41,30,21,,,1,1,
,Параметр А108,П2,10,41,40,21,,,1,1,,УБСИ МКА-4,,П2,20,41,40,21,,,1,1,
,Параметр А109,П2,10,41,50,21,,,1,1,,УБСИ МКА-4,,П2,20,41,50,21,,,1,1,
,Параметр А110,П2,10,41,60,21,,,1,1,,УБСИ МКА-4,,П2,20,41,60,21,,,1,1,
,Параметр А111,П2,10,41,70,21,,,1,1,,УБСИ МКА-4,,П2,20,41,70,21,,,1,1,
,Параметр А112,П2,10,41,80,21,,,1,1,,УБСИ МКА-4,,П2,20,41,80,21,,,1,1,
,Параметр А113,П2,10,41,10,31,,,1,1,,УБСИ МКА-4,,П2,20,41,10,31,,,1,1,
,Параметр А114,П2,10,41,20,31,,,1,1,,УБСИ МКА-4,,П2,20,41,20,31,,,1,1,
,Параметр А115,П2,10,41,30,31,,,1,1,,УБСИ МКА-4,,П2,20,41,30,31,,,1,1,
,Параметр А116,П2,10,41,40,31,,,1,1,,УБСИ МКА-4,,П2,20,41,40,31,,,1,1,
,Параметр А117,П2,10,41,50,31,,,1,1,,УБСИ МКА-4,,П2,20,41,50,31,,,1,1,
,Параметр А118,П2,10,41,60,31,,,1,1,,УБСИ МКА-4,,П2,20,41,60,31,,,1,1,
,Параметр А119,П2,10,41,70,31,,,1,1,,УБСИ МКА-4,,П2,20,41,70,31,,,1,1,
,Параметр А120,П2,10,41,80,31,,,1,1,,УБСИ МКА-4,,П2,20,41,80,31,,,1,1,
,Параметр А121,П2,10,41,10,41,,,1,1,,УБСИ МКА-4,,П2,20,41,10,41,,,1,1,
,Параметр А122,П2,10,41,20,41,,,1,1,,УБСИ МКА-4,,П2,20,41,20,41,,,1,1,
,Параметр А123,П2,10,41,30,41,,,1,1,,УБСИ МКА-4,,П2,20,41,30,41,,,1,1,
,Параметр А124,П2,10,41,40,41,,,1,1,,УБСИ МКА-4,,П2,20,41,40,41,,,1,1,
,Параметр А125,П2,10,41,50,41,,,1,1,,УБСИ МКА-4,,П2,20,41,50,41,,,1,1,
,Параметр А126,П2,10,41,60,41,,,1,1,,УБСИ МКА-4,,П2,20,41,60,41,,,1,1,
,Параметр А127,П2,10,41,70,41,,,1,1,,УБСИ МКА-4,,П2,20,41,70,41,,,1,1,
,"Эталонная калибровка УБСИ 6,2В",П2,10,41,80,41,,,1,1,,УБСИ МКА-4,,П2,20,41,80,41,,,1,1,
,Параметр К65-К72,П2,80,80,11,32,12,,5,,,УБСИ МКС-2 аналоговые,,,,1024,128,ячейка ЯЛК,,,,,
,Параметр К65,П2,80,80,11,32,12,,5,1,,УБСИ МКС-2 аналоговые,,"Вх. аналог.парам, резулт.-контактн. парам",,,,Вх.34,Х2 / 7,,,,
,Параметр К66,П2,80,80,11,32,12,,5,2,,УБСИ МКС-2 аналоговые,,"Вх. аналог.парам, резулт.-контактн. парам",,,,Вх.47,Х2 / 25,,,,
,Параметр К67,П2,80,80,11,32,12,,5,3,,УБСИ МКС-2 аналоговые,,"Вх. аналог.парам, резулт.-контактн. парам",,,,Вх.48,Х2 / 26,,,,
,Параметр К68,П2,80,80,11,32,12,,5,4,,УБСИ МКС-2 аналоговые,,"Вх. аналог.парам, резулт.-контактн. парам",,,,Вх.50,Х2 / 29,,,,
,Параметр К69,П2,80,80,11,32,12,,5,5,,УБСИ МКС-2 аналоговые,,"Вх. аналог.парам, резулт.-контактн. парам",,,,Вх.55,Х2 / 35,,,,
,Параметр К70,П2,80,80,11,32,12,,5,6,,УБСИ МКС-2 аналоговые,,"Вх. аналог.парам, резулт.-контактн. парам",,,,Вх.51,Х2 / 30,,,,
,Параметр К71,П2,80,80,11,32,12,,5,7,,УБСИ МКС-2 аналоговые,,"Вх. аналог.парам, резулт.-контактн. парам",,,,Вх.52,Х2 / 32,,,,
,Параметр К73-К80,П2,80,80,11,32,22,,5,,,УБСИ МКС-2 аналоговые,,,,1024,128,ячейка ЯЛК,,,,,
,Параметр К73,П2,80,80,11,32,22,,5,1,,УБСИ МКС-2 аналоговые,,"Вх. аналог.парам, резулт.-контактн. парам",,1024,128,Вх.57,Х2 / 40,,,,
,Параметр К74,П2,80,80,11,32,22,,5,2,,УБСИ МКС-2 аналоговые,,"Вх. аналог.парам, резулт.-контактн. парам",,1024,128,Вх.58,Х2 / 41,,,,
,Параметр К81-К88,П2,80,80,11,12,,,5,,,УБСИ МКС-3 контактные,,,,512,256,ячейка ЯЛК,,,,,
,Параметр К81,П2,80,80,11,12,,,5,1,,УБСИ МКС-3 контактные,,"Вх. аналог.парам, резулт.-контактн. парам",,,,Вх. 33,Х2 / 6,,,,
,Параметр К82,П2,80,80,11,12,,,5,2,,УБСИ МКС-3 контактные,,"Вх. аналог.парам, резулт.-контактн. парам",,,,Вх. 36,Х2 / 10,,,,
,Параметр К83,П2,80,80,11,12,,,5,3,,УБСИ МКС-3 контактные,,"Вх. аналог.парам, резулт.-контактн. парам",,,,Вх. 39,Х2 / 14,,,,
,Параметр К84,П2,80,80,11,12,,,5,4,,УБСИ МКС-3 контактные,,"Вх. аналог.парам, резулт.-контактн. парам",,,,Вх. 35,Х2 / 9,,,,
,Параметр А128,П2,80,21,10,,,,1,1,,УБСИ МКС-3 контактные,,,,256,512,ДУС по оси X,,,,,
,Параметр А129,П2,80,21,20,,,,1,1,,УБСИ МКС-3 контактные,,,,256,512,ДУС по оси Y,,,,,
,Параметр А130,П2,80,21,30,,,,1,1,,УБСИ МКС-3 контактные,,,,256,512,ДУС по оси Z,,,,,
,Параметр А131,П2,80,21,40,,,,1,1,,УБСИ МКС-3 контактные,,,,256,512,Перегрузка по оси X1,,,,,
,Параметр А132,П2,80,21,50,,,,1,1,,УБСИ МКС-3 контактные,,,,256,512,Перегрузка по оси X2,,,,,
,Параметр А133,П2,80,21,60,,,,1,1,,УБСИ МКС-3 контактные,,,,256,512,Перегрузка по оси Y,,,,,
,Параметр А134,П2,80,21,70,,,,1,1,,УБСИ МКС-3 контактные,,,,256,512,Перегрузка по оси Z,,,,,
,Параметр А135,П2,80,21,80,,,,1,1,,УБСИ МКС-3 контактные,,,,256,512,-,-,,,,
,Калибровка блока УБСИ,П2,80,40,12,10,,,1,1,,УБСИ МКА-7,,,,1024,128,ячейка ЯЛК,,,,,
,Параметр А136,П2,80,40,12,20,,,1,1,,УБСИ МКА-7,,,,1024,128,Вх.77,Х3 /25,,,,
,Параметр А137,П2,80,40,12,30,,,1,1,,УБСИ МКА-7,,,,1024,128,Вх.78,Х3 /26,,,,
,Параметр А138,П2,80,40,12,40,,,1,1,,УБСИ МКА-7,,,,1024,128,Вх.79,Х3 /27,,,,
,Параметр А139,П2,80,40,12,50,,,1,1,,УБСИ МКА-7,,,,1024,128,Вх.80,Х3 /29,,,,
,Параметр А140,П2,80,40,12,60,,,1,1,,УБСИ МКА-7,,,,1024,128,Вх.81,Х3 /30,,,,
,Параметр А141,П2,80,40,12,70,,,1,1,,УБСИ МКА-7,,,,1024,128,Вх.82,Х3 /31,,,,
,Параметр А142,П2,80,40,12,80,,,1,1,,УБСИ МКА-7,,,,1024,128,Вх.31,Х2 /3,,,,
,Калибровка блока УБСИ,П2,80,40,22,11,,,1,1,,УБСИ МКА-8,,,,512,256,ячейка ЯЛК,,,,,
,Параметр А143,П2,80,40,22,21,,,1,1,,УБСИ МКА-8,,,,512,256,Вх. 86,Х3 / 39,,,,
,Параметр А144,П2,80,40,22,31,,,1,1,,УБСИ МКА-8,,,,512,256,Вх. 87,Х3 / 40,,,,
,Параметр А145,П2,80,40,22,41,,,1,1,,УБСИ МКА-8,,,,512,256,Вх. 88,Х3 / 41,,,,
16,(ст. разр. 4 бита),П2,40,40,10,10,11,,21,1,M16П2A40B40C10D10E11T21,БСИ температурные ЯТП-1,16,П2,40,40,50,10,11,,21,1,M16П2A40B40C50D10E11T21
16,(мл. разр. 8 бит),П2,40,40,10,20,11,,21,1,M16П2A40B40C10D20E11T21,БСИ температурные ЯТП-1,16,П2,40,40,50,20,11,,21,1,M16П2A40B40C50D20E11T21
16,(ст. разр. 4 бита),П2,40,40,10,30,11,,21,1,M16П2A40B40C10D30E11T21,БСИ температурные ЯТП-1,16,П2,40,40,50,30,11,,21,1,M16П2A40B40C50D30E11T21
16,(мл. разр. 8 бит),П2,40,40,10,40,11,,21,1,M16П2A40B40C10D40E11T21,БСИ температурные ЯТП-1,16,П2,40,40,50,40,11,,21,1,M16П2A40B40C50D40E11T21
16,(ст. разр. 4 бита),П2,40,40,10,50,11,,21,1,M16П2A40B40C10D50E11T21,БСИ температурные ЯТП-1,16,П2,40,40,50,50,11,,21,1,M16П2A40B40C50D50E11T21
16,(мл. разр. 8 бит),П2,40,40,10,60,11,,21,1,M16П2A40B40C10D60E11T21,БСИ температурные ЯТП-1,16,П2,40,40,50,60,11,,21,1,M16П2A40B40C50D60E11T21
16,(ст. разр. 4 бита),П2,40,40,10,70,11,,21,1,M16П2A40B40C10D70E11T21,БСИ температурные ЯТП-1,16,П2,40,40,50,70,11,,21,1,M16П2A40B40C50D70E11T21
16,(мл. разр. 8 бит),П2,40,40,10,80,11,,21,1,M16П2A40B40C10D80E11T21,БСИ температурные ЯТП-1,16,П2,40,40,50,80,11,,21,1,M16П2A40B40C50D80E11T21
16,(ст. разр. 4 бита),П2,40,40,10,10,21,,21,1,M16П2A40B40C10D10E21T21,БСИ температурные ЯТП-1,16,П2,40,40,50,10,21,,21,1,M16П2A40B40C50D10E21T21
16,(мл. разр. 8 бит),П2,40,40,10,20,21,,21,1,M16П2A40B40C10D20E21T21,БСИ температурные ЯТП-1,16,П2,40,40,50,20,21,,21,1,M16П2A40B40C50D20E21T21
16,(ст. разр. 4 бита),П2,40,40,10,30,21,,21,1,M16П2A40B40C10D30E21T21,БСИ температурные ЯТП-1,16,П2,40,40,50,30,21,,21,1,M16П2A40B40C50D30E21T21
16,(мл. разр. 8 бит),П2,40,40,10,40,21,,21,1,M16П2A40B40C10D40E21T21,БСИ температурные ЯТП-1,16,П2,40,40,50,40,21,,21,1,M16П2A40B40C50D40E21T21
16,(ст. разр. 4 бита),П2,40,40,10,50,21,,21,1,M16П2A40B40C10D50E21T21,БСИ температурные ЯТП-1,16,П2,40,40,50,50,21,,21,1,M16П2A40B40C50D50E21T21
16,(мл. разр. 8 бит),П2,40,40,10,60,21,,21,1,M16П2A40B40C10D60E21T21,БСИ температурные ЯТП-1,16,П2,40,40,50,60,21,,21,1,M16П2A40B40C50D60E21T21
16,(ст. разр. 4 бита),П2,40,40,10,70,21,,21,1,M16П2A40B40C10D70E21T21,БСИ температурные ЯТП-1,16,П2,40,40,50,70,21,,21,1,M16П2A40B40C50D70E21T21
16,(мл. разр. 8 бит),П2,40,40,10,80,21,,21,1,M16П2A40B40C10D80E21T21,БСИ температурные ЯТП-1,16,П2,40,40,50,80,21,,21,1,M16П2A40B40C50D80E21T21
16,(ст. разр. 4 бита),П2,40,40,10,10,31,,21,1,M16П2A40B40C10D10E31T21,БСИ температурные ЯТП-1,16,П2,40,40,50,10,31,,21,1,M16П2A40B40C50D10E31T21
16,(мл. разр. 8 бит),П2,40,40,10,20,31,,21,1,M16П2A40B40C10D20E31T21,БСИ температурные ЯТП-1,16,П2,40,40,50,20,31,,21,1,M16П2A40B40C50D20E31T21
16,(ст. разр. 4 бита),П2,40,40,10,30,31,,21,1,M16П2A40B40C10D30E31T21,БСИ температурные ЯТП-1,16,П2,40,40,50,30,31,,21,1,M16П2A40B40C50D30E31T21
16,(мл. разр. 8 бит),П2,40,40,10,40,31,,21,1,M16П2A40B40C10D40E31T21,БСИ температурные ЯТП-1,16,П2,40,40,50,40,31,,21,1,M16П2A40B40C50D40E31T21
16,(ст. разр. 4 бита),П2,40,40,10,50,31,,21,1,M16П2A40B40C10D50E31T21,БСИ температурные ЯТП-1,16,П2,40,40,50,50,31,,21,1,M16П2A40B40C50D50E31T21
16,(мл. разр. 8 бит),П2,40,40,10,60,31,,21,1,M16П2A40B40C10D60E31T21,БСИ температурные ЯТП-1,16,П2,40,40,50,60,31,,21,1,M16П2A40B40C50D60E31T21
16,(ст. разр. 4 бита),П2,40,40,10,70,31,,21,1,M16П2A40B40C10D70E31T21,БСИ температурные ЯТП-1,16,П2,40,40,50,70,31,,21,1,M16П2A40B40C50D70E31T21
16,(мл. разр. 8 бит),П2,40,40,10,80,31,,21,1,M16П2A40B40C10D80E31T21,БСИ температурные ЯТП-1,16,П2,40,40,50,80,31,,21,1,M16П2A40B40C50D80E31T21
16,(ст. разр. 4 бита),П2,40,40,10,10,41,,21,1,M16П2A40B40C10D10E41T21,БСИ температурные ЯТП-1,16,П2,40,40,50,10,41,,21,1,M16П2A40B40C50D10E41T21
16,(мл. разр. 8 бит),П2,40,40,10,20,41,,21,1,M16П2A40B40C10D20E41T21,БСИ температурные ЯТП-1,16,П2,40,40,50,20,41,,21,1,M16П2A40B40C50D20E41T21
16,(ст. разр. 4 бита),П2,40,40,10,30,41,,21,1,M16П2A40B40C10D30E41T21,БСИ температурные ЯТП-1,16,П2,40,40,50,30,41,,21,1,M16П2A40B40C50D30E41T21
16,(мл. разр. 8 бит),П2,40,40,10,40,41,,21,1,M16П2A40B40C10D40E41T21,БСИ температурные ЯТП-1,16,П2,40,40,50,40,41,,21,1,M16П2A40B40C50D40E41T21
16,(ст. разр. 4 бита),П2,40,40,10,50,41,,21,1,M16П2A40B40C10D50E41T21,БСИ температурные ЯТП-1,16,П2,40,40,50,50,41,,21,1,M16П2A40B40C50D50E41T21
16,(мл. разр. 8 бит),П2,40,40,10,60,41,,21,1,M16П2A40B40C10D60E41T21,БСИ температурные ЯТП-1,16,П2,40,40,50,60,41,,21,1,M16П2A40B40C50D60E41T21
16,(ст. разр. 4 бита),П2,40,40,10,70,41,,21,1,M16П2A40B40C10D70E41T21,БСИ температурные ЯТП-1,16,П2,40,40,50,70,41,,21,1,M16П2A40B40C50D70E41T21
16,(мл. разр. 8 бит),П2,40,40,10,80,41,,21,1,M16П2A40B40C10D80E41T21,БСИ температурные ЯТП-1,16,П2,40,40,50,80,41,,21,1,M16П2A40B40C50D80E41T21
16,(ст. разр. 4 бита),П2,40,40,20,10,11,,21,1,M16П2A40B40C20D10E11T21,БСИ температурные ЯТП-1,16,П2,40,40,60,10,11,,21,1,M16П2A40B40C60D10E11T21
16,(мл. разр. 8 бит),П2,40,40,20,20,11,,21,1,M16П2A40B40C20D20E11T21,БСИ температурные ЯТП-1,16,П2,40,40,60,20,11,,21,1,M16П2A40B40C60D20E11T21
16,(ст. разр. 4 бита),П2,40,40,20,30,11,,21,1,M16П2A40B40C20D30E11T21,БСИ температурные ЯТП-1,16,П2,40,40,60,30,11,,21,1,M16П2A40B40C60D30E11T21
16,(мл. разр. 8 бит),П2,40,40,20,40,11,,21,1,M16П2A40B40C20D40E11T21,БСИ температурные ЯТП-1,16,П2,40,40,60,40,11,,21,1,M16П2A40B40C60D40E11T21
16,(ст. разр. 4 бита),П2,40,40,20,50,11,,21,1,M16П2A40B40C20D50E11T21,БСИ температурные ЯТП-1,16,П2,40,40,60,50,11,,21,1,M16П2A40B40C60D50E11T21
16,(мл. разр. 8 бит),П2,40,40,20,60,11,,21,1,M16П2A40B40C20D60E11T21,БСИ температурные ЯТП-1,16,П2,40,40,60,60,11,,21,1,M16П2A40B40C60D60E11T21
16,(ст. разр. 4 бита),П2,40,40,20,70,11,,21,1,M16П2A40B40C20D70E11T21,БСИ температурные ЯТП-1,16,П2,40,40,60,70,11,,21,1,M16П2A40B40C60D70E11T21
16,(мл. разр. 8 бит),П2,40,40,20,80,11,,21,1,M16П2A40B40C20D80E11T21,БСИ температурные ЯТП-1,16,П2,40,40,60,80,11,,21,1,M16П2A40B40C60D80E11T21
16,(ст. разр. 4 бита),П2,40,40,20,10,21,,21,1,M16П2A40B40C20D10E21T21,БСИ температурные ЯТП-1,16,П2,40,40,60,10,21,,21,1,M16П2A40B40C60D10E21T21
16,(мл. разр. 8 бит),П2,40,40,20,20,21,,21,1,M16П2A40B40C20D20E21T21,БСИ температурные ЯТП-1,16,П2,40,40,60,20,21,,21,1,M16П2A40B40C60D20E21T21
16,(ст. разр. 4 бита),П2,40,40,20,30,21,,21,1,M16П2A40B40C20D30E21T21,БСИ температурные ЯТП-1,16,П2,40,40,60,30,21,,21,1,M16П2A40B40C60D30E21T21
16,(мл. разр. 8 бит),П2,40,40,20,40,21,,21,1,M16П2A40B40C20D40E21T21,БСИ температурные ЯТП-1,16,П2,40,40,60,40,21,,21,1,M16П2A40B40C60D40E21T21
16,(ст. разр. 4 бита),П2,40,40,20,50,21,,21,1,M16П2A40B40C20D50E21T21,БСИ температурные ЯТП-1,16,П2,40,40,60,50,21,,21,1,M16П2A40B40C60D50E21T21
16,(мл. разр. 8 бит),П2,40,40,20,60,21,,21,1,M16П2A40B40C20D60E21T21,БСИ температурные ЯТП-1,16,П2,40,40,60,60,21,,21,1,M16П2A40B40C60D60E21T21
16,(ст. разр. 4 бита),П2,40,40,20,70,21,,21,1,M16П2A40B40C20D70E21T21,БСИ температурные ЯТП-1,16,П2,40,40,60,70,21,,21,1,M16П2A40B40C60D70E21T21
16,(мл. разр. 8 бит),П2,40,40,20,80,21,,21,1,M16П2A40B40C20D80E21T21,БСИ температурные ЯТП-1,16,П2,40,40,60,80,21,,21,1,M16П2A40B40C60D80E21T21
16,(ст. разр. 4 бита),П2,40,40,20,10,31,,21,1,M16П2A40B40C20D10E31T21,БСИ температурные ЯТП-1,16,П2,40,40,60,10,31,,21,1,M16П2A40B40C60D10E31T21
16,(мл. разр. 8 бит),П2,40,40,20,20,31,,21,1,M16П2A40B40C20D20E31T21,БСИ температурные ЯТП-1,16,П2,40,40,60,20,31,,21,1,M16П2A40B40C60D20E31T21
16,(ст. разр. 4 бита),П2,40,40,20,30,31,,21,1,M16П2A40B40C20D30E31T21,БСИ температурные ЯТП-1,16,П2,40,40,60,30,31,,21,1,M16П2A40B40C60D30E31T21
16,(мл. разр. 8 бит),П2,40,40,20,40,31,,21,1,M16П2A40B40C20D40E31T21,БСИ температурные ЯТП-1,16,П2,40,40,60,40,31,,21,1,M16П2A40B40C60D40E31T21
16,(ст. разр. 4 бита),П2,40,40,20,50,31,,21,1,M16П2A40B40C20D50E31T21,БСИ температурные ЯТП-1,16,П2,40,40,60,50,31,,21,1,M16П2A40B40C60D50E31T21
16,(мл. разр. 8 бит),П2,40,40,20,60,31,,21,1,M16П2A40B40C20D60E31T21,БСИ температурные ЯТП-1,16,П2,40,40,60,60,31,,21,1,M16П2A40B40C60D60E31T21
16,(ст. разр. 4 бита),П2,40,40,20,70,31,,21,1,M16П2A40B40C20D70E31T21,БСИ температурные ЯТП-1,16,П2,40,40,60,70,31,,21,1,M16П2A40B40C60D70E31T21
16,(мл. разр. 8 бит),П2,40,40,20,80,31,,21,1,M16П2A40B40C20D80E31T21,БСИ температурные ЯТП-1,16,П2,40,40,60,80,31,,21,1,M16П2A40B40C60D80E31T21
16,(ст. разр. 4 бита),П2,40,40,20,10,41,,21,1,M16П2A40B40C20D10E41T21,БСИ температурные ЯТП-1,16,П2,40,40,60,10,41,,21,1,M16П2A40B40C60D10E41T21
16,(мл. разр. 8 бит),П2,40,40,20,20,41,,21,1,M16П2A40B40C20D20E41T21,БСИ температурные ЯТП-1,16,П2,40,40,60,20,41,,21,1,M16П2A40B40C60D20E41T21
16,(ст. разр. 4 бита),П2,40,40,20,30,41,,21,1,M16П2A40B40C20D30E41T21,БСИ температурные ЯТП-1,16,П2,40,40,60,30,41,,21,1,M16П2A40B40C60D30E41T21
16,(мл. разр. 8 бит),П2,40,40,20,40,41,,21,1,M16П2A40B40C20D40E41T21,БСИ температурные ЯТП-1,16,П2,40,40,60,40,41,,21,1,M16П2A40B40C60D40E41T21
16,(ст. разр. 4 бита),П2,40,40,20,50,41,,21,1,M16П2A40B40C20D50E41T21,БСИ температурные ЯТП-1,16,П2,40,40,60,50,41,,21,1,M16П2A40B40C60D50E41T21
16,(мл. разр. 8 бит),П2,40,40,20,60,41,,21,1,M16П2A40B40C20D60E41T21,БСИ температурные ЯТП-1,16,П2,40,40,60,60,41,,21,1,M16П2A40B40C60D60E41T21
16,(ст. разр. 4 бита),П2,40,40,20,70,41,,21,1,M16П2A40B40C20D70E41T21,БСИ температурные ЯТП-1,16,П2,40,40,60,70,41,,21,1,M16П2A40B40C60D70E41T21
16,(мл. разр. 8 бит),П2,40,40,20,80,41,,21,1,M16П2A40B40C20D80E41T21,БСИ температурные ЯТП-1,16,П2,40,40,60,80,41,,21,1,M16П2A40B40C60D80E41T21
16,(ст. разр. 4 бита),П2,40,40,30,10,11,,21,1,M16П2A40B40C30D10E11T21,УБСИ температурные ЯТП-2,16,П2,40,40,70,10,11,,21,1,M16П2A40B40C70D10E11T21
16,(мл. разр. 8 бит),П2,40,40,30,20,11,,21,1,M16П2A40B40C30D20E11T21,УБСИ температурные ЯТП-2,16,П2,40,40,70,20,11,,21,1,M16П2A40B40C70D20E11T21
16,(ст. разр. 4 бита),П2,40,40,30,30,11,,21,1,M16П2A40B40C30D30E11T21,УБСИ температурные ЯТП-2,16,П2,40,40,70,30,11,,21,1,M16П2A40B40C70D30E11T21
16,(мл. разр. 8 бит),П2,40,40,30,40,11,,21,1,M16П2A40B40C30D40E11T21,УБСИ температурные ЯТП-2,16,П2,40,40,70,40,11,,21,1,M16П2A40B40C70D40E11T21
16,(ст. разр. 4 бита),П2,40,40,30,50,11,,21,1,M16П2A40B40C30D50E11T21,УБСИ температурные ЯТП-2,16,П2,40,40,70,50,11,,21,1,M16П2A40B40C70D50E11T21
16,(мл. разр. 8 бит),П2,40,40,30,60,11,,21,1,M16П2A40B40C30D60E11T21,УБСИ температурные ЯТП-2,16,П2,40,40,70,60,11,,21,1,M16П2A40B40C70D60E11T21
16,(ст. разр. 4 бита),П2,40,40,30,70,11,,21,1,M16П2A40B40C30D70E11T21,УБСИ температурные ЯТП-2,16,П2,40,40,70,70,11,,21,1,M16П2A40B40C70D70E11T21
16,(мл. разр. 8 бит),П2,40,40,30,80,11,,21,1,M16П2A40B40C30D80E11T21,УБСИ температурные ЯТП-2,16,П2,40,40,70,80,11,,21,1,M16П2A40B40C70D80E11T21
16,(ст. разр. 4 бита),П2,40,40,30,10,21,,21,1,M16П2A40B40C30D10E21T21,УБСИ температурные ЯТП-2,16,П2,40,40,70,10,21,,21,1,M16П2A40B40C70D10E21T21
16,(мл. разр. 8 бит),П2,40,40,30,20,21,,21,1,M16П2A40B40C30D20E21T21,УБСИ температурные ЯТП-2,16,П2,40,40,70,20,21,,21,1,M16П2A40B40C70D20E21T21
16,(ст. разр. 4 бита),П2,40,40,30,30,21,,21,1,M16П2A40B40C30D30E21T21,УБСИ температурные ЯТП-2,16,П2,40,40,70,30,21,,21,1,M16П2A40B40C70D30E21T21
16,(мл. разр. 8 бит),П2,40,40,30,40,21,,21,1,M16П2A40B40C30D40E21T21,УБСИ температурные ЯТП-2,16,П2,40,40,70,40,21,,21,1,M16П2A40B40C70D40E21T21
16,(ст. разр. 4 бита),П2,40,40,30,50,21,,21,1,M16П2A40B40C30D50E21T21,УБСИ температурные ЯТП-2,16,П2,40,40,70,50,21,,21,1,M16П2A40B40C70D50E21T21
16,(мл. разр. 8 бит),П2,40,40,30,60,21,,21,1,M16П2A40B40C30D60E21T21,УБСИ температурные ЯТП-2,16,П2,40,40,70,60,21,,21,1,M16П2A40B40C70D60E21T21
16,(ст. разр. 4 бита),П2,40,40,30,70,21,,21,1,M16П2A40B40C30D70E21T21,УБСИ температурные ЯТП-2,16,П2,40,40,70,70,21,,21,1,M16П2A40B40C70D70E21T21
16,(мл. разр. 8 бит),П2,40,40,30,80,21,,21,1,M16П2A40B40C30D80E21T21,УБСИ температурные ЯТП-2,16,П2,40,40,70,80,21,,21,1,M16П2A40B40C70D80E21T21
16,(ст. разр. 4 бита),П2,40,40,30,10,31,,21,1,M16П2A40B40C30D10E31T21,УБСИ температурные ЯТП-2,16,П2,40,40,70,10,31,,21,1,M16П2A40B40C70D10E31T21
16,(мл. разр. 8 бит),П2,40,40,30,20,31,,21,1,M16П2A40B40C30D20E31T21,УБСИ температурные ЯТП-2,16,П2,40,40,70,20,31,,21,1,M16П2A40B40C70D20E31T21
16,(ст. разр. 4 бита),П2,40,40,30,30,31,,21,1,M16П2A40B40C30D30E31T21,УБСИ температурные ЯТП-2,16,П2,40,40,70,30,31,,21,1,M16П2A40B40C70D30E31T21
16,(мл. разр. 8 бит),П2,40,40,30,40,31,,21,1,M16П2A40B40C30D40E31T21,УБСИ температурные ЯТП-2,16,П2,40,40,70,40,31,,21,1,M16П2A40B40C70D40E31T21
16,(ст. разр. 4 бита),П2,40,40,30,50,31,,21,1,M16П2A40B40C30D50E31T21,УБСИ температурные ЯТП-2,16,П2,40,40,70,50,31,,21,1,M16П2A40B40C70D50E31T21
16,(мл. разр. 8 бит),П2,40,40,30,60,31,,21,1,M16П2A40B40C30D60E31T21,УБСИ температурные ЯТП-2,16,П2,40,40,70,60,31,,21,1,M16П2A40B40C70D60E31T21
16,(ст. разр. 4 бита),П2,40,40,30,70,31,,21,1,M16П2A40B40C30D70E31T21,УБСИ температурные ЯТП-2,16,П2,40,40,70,70,31,,21,1,M16П2A40B40C70D70E31T21
16,(мл. разр. 8 бит),П2,40,40,30,80,31,,21,1,M16П2A40B40C30D80E31T21,УБСИ температурные ЯТП-2,16,П2,40,40,70,80,31,,21,1,M16П2A40B40C70D80E31T21
16,(ст. разр. 4 бита),П2,40,40,30,10,41,,21,1,M16П2A40B40C30D10E41T21,УБСИ температурные ЯТП-2,16,П2,40,40,70,10,41,,21,1,M16П2A40B40C70D10E41T21
16,(мл. разр. 8 бит),П2,40,40,30,20,41,,21,1,M16П2A40B40C30D20E41T21,УБСИ температурные ЯТП-2,16,П2,40,40,70,20,41,,21,1,M16П2A40B40C70D20E41T21
16,(ст. разр. 4 бита),П2,40,40,30,30,41,,21,1,M16П2A40B40C30D30E41T21,УБСИ температурные ЯТП-2,16,П2,40,40,70,30,41,,21,1,M16П2A40B40C70D30E41T21
16,(мл. разр. 8 бит),П2,40,40,30,40,41,,21,1,M16П2A40B40C30D40E41T21,УБСИ температурные ЯТП-2,16,П2,40,40,70,40,41,,21,1,M16П2A40B40C70D40E41T21
16,(ст. разр. 4 бита),П2,40,40,30,50,41,,21,1,M16П2A40B40C30D50E41T21,УБСИ температурные ЯТП-2,16,П2,40,40,70,50,41,,21,1,M16П2A40B40C70D50E41T21
16,(мл. разр. 8 бит),П2,40,40,30,60,41,,21,1,M16П2A40B40C30D60E41T21,УБСИ температурные ЯТП-2,16,П2,40,40,70,60,41,,21,1,M16П2A40B40C70D60E41T21
16,(ст. разр. 4 бита),П2,40,40,30,70,41,,21,1,M16П2A40B40C30D70E41T21,УБСИ температурные ЯТП-2,16,П2,40,40,70,70,41,,21,1,M16П2A40B40C70D70E41T21
16,(мл. разр. 8 бит),П2,40,40,30,80,41,,21,1,M16П2A40B40C30D80E41T21,УБСИ температурные ЯТП-2,16,П2,40,40,70,80,41,,21,1,M16П2A40B40C70D80E41T21
16,(ст. разр. 4 бита),П2,40,40,40,10,11,,21,1,M16П2A40B40C40D10E11T21,УБСИ температурные ЯТП-2,16,П2,40,40,80,10,11,,21,1,M16П2A40B40C80D10E11T21
16,(мл. разр. 8 бит),П2,40,40,40,20,11,,21,1,M16П2A40B40C40D20E11T21,УБСИ температурные ЯТП-2,16,П2,40,40,80,20,11,,21,1,M16П2A40B40C80D20E11T21
16,(ст. разр. 4 бита),П2,40,40,40,30,11,,21,1,M16П2A40B40C40D30E11T21,УБСИ температурные ЯТП-2,16,П2,40,40,80,30,11,,21,1,M16П2A40B40C80D30E11T21
16,(мл. разр. 8 бит),П2,40,40,40,40,11,,21,1,M16П2A40B40C40D40E11T21,УБСИ температурные ЯТП-2,16,П2,40,40,80,40,11,,21,1,M16П2A40B40C80D40E11T21
16,(ст. разр. 4 бита),П2,40,40,40,50,11,,21,1,M16П2A40B40C40D50E11T21,УБСИ температурные ЯТП-2,16,П2,40,40,80,50,11,,21,1,M16П2A40B40C80D50E11T21
16,(мл. разр. 8 бит),П2,40,40,40,60,11,,21,1,M16П2A40B40C40D60E11T21,УБСИ температурные ЯТП-2,16,П2,40,40,80,60,11,,21,1,M16П2A40B40C80D60E11T21
16,(ст. разр. 4 бита),П2,40,40,40,70,11,,21,1,M16П2A40B40C40D70E11T21,УБСИ температурные ЯТП-2,16,П2,40,40,80,70,11,,21,1,M16П2A40B40C80D70E11T21
16,(мл. разр. 8 бит),П2,40,40,40,80,11,,21,1,M16П2A40B40C40D80E11T21,УБСИ температурные ЯТП-2,16,П2,40,40,80,80,11,,21,1,M16П2A40B40C80D80E11T21
16,(ст. разр. 4 бита),П2,40,40,40,10,21,,21,1,M16П2A40B40C40D10E21T21,УБСИ температурные ЯТП-2,16,П2,40,40,80,10,21,,21,1,M16П2A40B40C80D10E21T21
16,(мл. разр. 8 бит),П2,40,40,40,20,21,,21,1,M16П2A40B40C40D20E21T21,УБСИ температурные ЯТП-2,16,П2,40,40,80,20,21,,21,1,M16П2A40B40C80D20E21T21
16,(ст. разр. 4 бита),П2,40,40,40,30,21,,21,1,M16П2A40B40C40D30E21T21,УБСИ температурные ЯТП-2,16,П2,40,40,80,30,21,,21,1,M16П2A40B40C80D30E21T21
16,(мл. разр. 8 бит),П2,40,40,40,40,21,,21,1,M16П2A40B40C40D40E21T21,УБСИ температурные ЯТП-2,16,П2,40,40,80,40,21,,21,1,M16П2A40B40C80D40E21T21
16,(ст. разр. 4 бита),П2,40,40,40,50,21,,21,1,M16П2A40B40C40D50E21T21,УБСИ температурные ЯТП-2,16,П2,40,40,80,50,21,,21,1,M16П2A40B40C80D50E21T21
16,(мл. разр. 8 бит),П2,40,40,40,60,21,,21,1,M16П2A40B40C40D60E21T21,УБСИ температурные ЯТП-2,16,П2,40,40,80,60,21,,21,1,M16П2A40B40C80D60E21T21
16,(ст. разр. 4 бита),П2,40,40,40,70,21,,21,1,M16П2A40B40C40D70E21T21,УБСИ температурные ЯТП-2,16,П2,40,40,80,70,21,,21,1,M16П2A40B40C80D70E21T21
16,(мл. разр. 8 бит),П2,40,40,40,80,21,,21,1,M16П2A40B40C40D80E21T21,УБСИ температурные ЯТП-2,16,П2,40,40,80,80,21,,21,1,M16П2A40B40C80D80E21T21
16,(ст. разр. 4 бита),П2,40,40,40,10,31,,21,1,M16П2A40B40C40D10E31T21,УБСИ температурные ЯТП-2,16,П2,40,40,80,10,31,,21,1,M16П2A40B40C80D10E31T21
16,(мл. разр. 8 бит),П2,40,40,40,20,31,,21,1,M16П2A40B40C40D20E31T21,УБСИ температурные ЯТП-2,16,П2,40,40,80,20,31,,21,1,M16П2A40B40C80D20E31T21
16,(ст. разр. 4 бита),П2,40,40,40,30,31,,21,1,M16П2A40B40C40D30E31T21,УБСИ температурные ЯТП-2,16,П2,40,40,80,30,31,,21,1,M16П2A40B40C80D30E31T21
16,(мл. разр. 8 бит),П2,40,40,40,40,31,,21,1,M16П2A40B40C40D40E31T21,УБСИ температурные ЯТП-2,16,П2,40,40,80,40,31,,21,1,M16П2A40B40C80D40E31T21
16,(ст. разр. 4 бита),П2,40,40,40,50,31,,21,1,M16П2A40B40C40D50E31T21,УБСИ температурные ЯТП-2,16,П2,40,40,80,50,31,,21,1,M16П2A40B40C80D50E31T21
16,(мл. разр. 8 бит),П2,40,40,40,60,31,,21,1,M16П2A40B40C40D60E31T21,УБСИ температурные ЯТП-2,16,П2,40,40,80,60,31,,21,1,M16П2A40B40C80D60E31T21
16,(ст. разр. 4 бита),П2,40,40,40,70,31,,21,1,M16П2A40B40C40D70E31T21,УБСИ температурные ЯТП-2,16,П2,40,40,80,70,31,,21,1,M16П2A40B40C80D70E31T21
16,(мл. разр. 8 бит),П2,40,40,40,80,31,,21,1,M16П2A40B40C40D80E31T21,УБСИ температурные ЯТП-2,16,П2,40,40,80,80,31,,21,1,M16П2A40B40C80D80E31T21
16,(ст. разр. 4 бита),П2,40,40,40,10,41,,21,1,M16П2A40B40C40D10E41T21,УБСИ температурные ЯТП-2,16,П2,40,40,80,10,41,,21,1,M16П2A40B40C80D10E41T21
16,(мл. разр. 8 бит),П2,40,40,40,20,41,,21,1,M16П2A40B40C40D20E41T21,УБСИ температурные ЯТП-2,16,П2,40,40,80,20,41,,21,1,M16П2A40B40C80D20E41T21
16,(ст. разр. 4 бита),П2,40,40,40,30,41,,21,1,M16П2A40B40C40D30E41T21,УБСИ температурные ЯТП-2,16,П2,40,40,80,30,41,,21,1,M16П2A40B40C80D30E41T21
16,(мл. разр. 8 бит),П2,40,40,40,40,41,,21,1,M16П2A40B40C40D40E41T21,УБСИ температурные ЯТП-2,16,П2,40,40,80,40,41,,21,1,M16П2A40B40C80D40E41T21
16,(ст. разр. 4 бита),П2,40,40,40,50,41,,21,1,M16П2A40B40C40D50E41T21,УБСИ температурные ЯТП-2,16,П2,40,40,80,50,41,,21,1,M16П2A40B40C80D50E41T21
16,(мл. разр. 8 бит),П2,40,40,40,60,41,,21,1,M16П2A40B40C40D60E41T21,УБСИ температурные ЯТП-2,16,П2,40,40,80,60,41,,21,1,M16П2A40B40C80D60E41T21
16,(ст. разр. 4 бита),П2,40,40,40,70,41,,21,1,M16П2A40B40C40D70E41T21,УБСИ температурные ЯТП-2,16,П2,40,40,80,70,41,,21,1,M16П2A40B40C80D70E41T21
16,(мл. разр. 8 бит),П2,40,40,40,80,41,,21,1,M16П2A40B40C40D80E41T21,УБСИ температурные ЯТП-2,16,П2,40,40,80,80,41,,21,1,M16П2A40B40C80D80E41T21
